{"cameraMode":{"drawMode":0,"name":"Shaded","section":"Shading Mode"},"sceneLighting":true,"audioPlay":false,"sceneViewState":{"showFog":false,"showMaterialUpdate":false,"showSkybox":false,"showFlares":false,"showImageEffects":false,"showParticleSystems":false},"in2DMode":false,"pivot":{"x":3.7280497550964357,"y":0.7143744230270386,"z":0.07205131649971008},"rotation":{"x":-0.10410512983798981,"y":0.45383960008621218,"z":-0.053485337644815448,"w":-0.8833634853363037},"size":4.041658401489258,"orthographic":false}